checked,night,property,change
2026-10-07,2026-10-07,hotel-1883,sold_out_or_closed
2026-10-07,2026-10-07,rough-riders-hotel,sold_out_or_closed
2026-10-08,2026-10-09,hotel-1883,sold_out_or_closed
2026-10-08,2026-10-09,rough-riders-hotel,opened
2026-10-08,2026-10-10,hotel-1883,opened
2026-10-08,2026-10-10,rough-riders-hotel,opened
2026-10-08,2026-10-10,medora-campground,sold_out_or_closed
2026-10-08,2026-10-14,hotel-1883,sold_out_or_closed
2026-10-08,2026-10-08,roundup-horse-camp,sold_out_or_closed
2026-10-08,2026-10-09,roundup-horse-camp,sold_out_or_closed
